CustomerID,Count,Revenue,Cost,Standard_Deviation_Margin,Μέσο_Περιθώριο,Α_Καθυστερημένων_Εκκρεμών,Α_Ανωμαλιών,Ποσοστό_Καθυστερημένων_Εκκρεμών,Σύνθετο Ρίσκο,Κατηγοριοποίηση Ρίσκου
C001,4,7000,5500,13.846713743032366,23.916666666666664,1,0,25.0,0,Χαμηλό
C002,3,6800,5650,12.31107225224513,16.25,2,0,66.66666666666666,4,Χαμηλό
C003,3,2500,2350,25.763005205851094,-4.131054131054129,2,1,66.66666666666666,10,Μεσαίο
C004,3,2800,2250,26.973101589665045,39.696969696969695,2,0,66.66666666666666,7,Μεσαίο
C005,2,1300,1100,45.456864504849484,17.857142857142858,1,0,50.0,7,Μεσαίο
