Πελάτης,Count,Συνολικά_Έσοδα,Συνολικό_Κόστος,Συνολικό_Κέρδος,Μέσο_Περιθώριο_Κέρδους,Εκκρεμή_Έσοδα,Ρίσκο,Αξιολόγηση Ρίσκου
Alpha Trading,10,14450,11350,3100,21.473937182416012,5920,5,Μεσαίο
Beta Consulting,10,8820,7680,1140,13.197302805308528,5190,5,Μεσαίο
Delta Supplies,9,5720,5470,250,4.067065316334835,3270,8,Υψηλό
Epsilon Services,9,10070,8490,1580,15.109734573185907,4800,5,Μεσαίο
Gamma Partners,9,17150,14000,3150,19.040168650143073,6250,5,Μεσαίο
