,Company,Profit,NumEmployers,NetProfit,misthos
0,Apple,57,12,11.969999999999999,7.523999999999999
1,Amazon,21,23,4.41,5.313
2,Tesla,7,34,1.47,2.618
